{
  "code": 200,
  "msg": "成功",
  "data": {
    "list": [
      [
        1712406120,
        ["67751.9", "67751.9", "67746", "67751.9", "0"],
        ["67746", "67746.01", "67746", "67746.01", "0.01891"]
      ],
      [
        1712406060,
        ["67701", "67704.2", "67688.73330673265", "67704.2", "0.12982919"],
        ["67687.81", "67706.77", "67687.81", "67706.77", "1.72486"]
      ],
      [
        1712406000,
        ["67712.3", "67712.3", "67706.88334737487", "67712.3", "0.00100424"],
        ["67706.77", "67706.77", "67706.76", "67706.76", "0.0441"]
      ],
      [
        1712405940,
        ["67704", "67704", "67700.10863298437", "67704", "0.000895"],
        ["67700", "67700.01", "67700", "67700.01", "0.03206"]
      ],
      [
        1712405880,
        ["67707.2", "67707.2", "67700", "67707.2", "0"],
        ["67700", "67700.01", "67700", "67700", "0.03821"]
      ],
      [
        1712405820,
        ["67717.6", "67717.6", "67707.64681032072", "67712", "0.29970559"],
        ["67714.01", "67714.01", "67706.38", "67706.38", "1.02989"]
      ],
      [
        1712405760,
        ["67741.3", "67741.3", "67732.30534994321", "67741.3", "0.00058917"],
        ["67732.23", "67732.23", "67732.22", "67732.23", "0.06209"]
      ],
      [
        1712405700,
        ["67729.9", "67729.9", "67714.09972662499", "67717.6", "0.12090567"],
        ["67725.46", "67725.47", "67714", "67714.01", "4.24363"]
      ],
      [
        1712405640,
        ["67730.1", "67730.1", "67725.50890340003", "67730.1", "0.00516026"],
        ["67725.47", "67725.47", "67725.46", "67725.46", "0.48445"]
      ],
      [
        1712405580,
        ["67744.5", "67744.8", "67738.751989886", "67744.8", "1.21470051"],
        ["67734.69", "67734.69", "67734.68", "67734.68", "0.40212"]
      ],
      [
        1712405520,
        ["67716", "67716", "67713.56", "67716", "0"],
        ["67713.56", "67713.57", "67713.56", "67713.57", "0.02856"]
      ],
      [
        1712405460,
        ["67711.4", "67711.4", "67706.82983394503", "67711.4", "0.00028932"],
        ["67706.81", "67706.81", "67706.8", "67706.8", "0.04432"]
      ],
      [
        1712405400,
        ["67726.4", "67726.4", "67721.29020575527", "67726.4", "0.0006226"],
        ["67721.14", "67721.15", "67721.14", "67721.14", "0.02118"]
      ],
      [
        1712405340,
        ["67744.1", "67744.1", "67737.99", "67744.1", "0"],
        ["67737.99", "67738", "67737.99", "67737.99", "0.35182"]
      ],
      [
        1712405280,
        ["67750.7", "67751.4", "67738.24128939849", "67751.4", "0.00452"],
        ["67738.21", "67744.96", "67738.2", "67744.96", "1.36387"]
      ],
      [
        1712405220,
        ["67751.4", "67751.4", "67750.31245017904", "67751.4", "0.00794817"],
        ["67750.25", "67750.25", "67750.24", "67750.24", "0.11931"]
      ],
      [
        1712405160,
        ["67706.3", "67706.3", "67692.65496494302", "67706.3", "0.0005"],
        ["67692.64", "67692.65", "67692.64", "67692.65", "0.4559"]
      ],
      [
        1712405100,
        ["67701.4", "67701.4", "67695.58364145685", "67701.4", "0.136631"],
        ["67693.33", "67693.33", "67692.64", "67692.65", "0.26997"]
      ],
      [
        1712405040,
        ["67696.9", "67696.9", "67693.67668721413", "67696.9", "0.00013981"],
        ["67693.67", "67693.68", "67693.67", "67693.67", "0.06739"]
      ],
      [
        1712404980,
        ["67688", "67688", "67680", "67688", "0"],
        ["67680.01", "67680.01", "67680", "67680", "0.05139"]
      ]
    ]
  }
}
